6663c8f6b015c1cf0fbaba5a221c5f2f5bbf345b,MODIFY,regular-file,web/liesmich.html,10385,13;26;89-90
84f61670bf8c2368be9640b56289b22ab72a2d5e,MODIFY,regular-file,web/wp-admin/includes/ms.php,28972,481
4a2a2543b3f915f42158b3985e4a94911cd05b58,MODIFY,regular-file,web/wp-content/languages/admin-da_DK.po,428145,211;316;320;1949;2210;2222
1948135c4493dc3ba49878df3ddda81104e99ec0,MODIFY,regular-file,web/wp-content/languages/admin-de_DE.po,444357,207;211;396;439;497-498;811-812;816;1044;1084;1346;1407;1411;1526;1538;1592;1704;1712;1728;1732;1736;1796;1800;1804;1840;1963;1971;1987;1991;1995;2214;2248;2273;2278;2324;2342;2375;2379;2383;2454;2549;2973-2974;2978;2986;3028;3032;3036;3045;3052;3066;3082;3098;3102;3106;3231;3305;3309;3317;3370;3442;3458;3473-3474;3492;3500;3627;3635;3659;3671;3703;3761;3773;3885;4208;4408;4422;4426;4430;4561;4565;4591;4599;4603;4607;4615;4619;4623;4639;4701;4705;4709;4775;4821;4946;5252;5420;5432;5436;5460;5649;5662;5682;5686;5802;5851;5964;5980;6679;6683;6687;6696;6700;6748;6756;6780;6788;6800;6808;6812;6816;6820;6824;6828;6832;6836;6840;7137;7141;7211;7491;7508;7524;8570;8845;8915;8919;9177;9295
91afd7cfdc91fb5d5bb4473c6b782ca7e083deff,MODIFY,regular-file,web/wp-content/languages/admin-it_IT.po,451781,494;512;931;1087;1221;1261;1269;1637;5300;5397;9162
71814a7bfe0382d12f5d3e73337ed75572759dbf,MODIFY,regular-file,web/wp-content/languages/admin-network-de_DE.po,60098,35;55;59;63;67;71;79;83;91;99;103;175;239;252;311;333;365;369;629;634;639;661;665;688;696;700;709;722;734;742;746;792;808;828;840;889;893;897;962;970;974;997;1001;1009;1013;1033;1037;1077;1081;1085
73aa4a73a9546ad9307c57f1901fbc51729c70fc,MODIFY,regular-file,web/wp-content/languages/admin-network-it_IT.po,60742,547
8f024b3ffd95c63b9e30ebc87108a025e566dada,MODIFY,regular-file,web/wp-content/languages/admin-network-tr_TR.po,57365,620
848cfd727bc0aead9b83bcb39e84b649eac941d9,MODIFY,regular-file,web/wp-content/languages/admin-nl_NL.po,434827,5439
af568a6df309b6a11c36e92361d5d145710cb63a,MODIFY,regular-file,web/wp-content/languages/admin-tr_TR.po,434872,2028;4440;5434;7367-7368
24b842035ca27602f8393b136ced7af86c099fdf,MODIFY,regular-file,web/wp-content/languages/de_DE.po,254602,168;242;281;317;325;422;442;457;461;465;469;478;677;681;693;1009;1107;1115;1278;1325;1370;1528;1533;1537;1553;1602;1634;1638;2018;2030;2240;2308;2328;2415;2418-2419;2478;2488;2493;2605;2838;2886;3003;3052;3096;3125;3133;3197;3323;3447;3451;3530;3532;3851;3971;4718;5274;5428;5436;5444;5452;5456;5468;5472;5476;5480;5499;5502;5520;5612;5621;5625;5633;5781;6024;6032;6056;6060;6064;6068;6108;6156;6220;6228;6236;6252;6315;6787;7394;7402
80fef54772d697c5af242e0eae3399141df33a23,MODIFY,regular-file,web/wp-content/languages/it_IT.po,243406,2645
c96027419ab257aa826c5a9c145605cdbbba878e,MODIFY,regular-file,web/wp-content/languages/nl_NL.po,248804,3537;4723;6119
1dfde6421745d94756d5b031a48314d549e62dcd,MODIFY,regular-file,web/wp-content/languages/tr_TR.po,250646,3893
6663c8f6b015c1cf0fbaba5a221c5f2f5bbf345b,MODIFY,regular-file,web/wp-content/themes/aeternis/new.aeternisenergy.com/web/liesmich.html,10385,13;26;89-90
84f61670bf8c2368be9640b56289b22ab72a2d5e,MODIFY,regular-file,web/wp-content/themes/aeternis/new.aeternisenergy.com/web/wp-admin/includes/ms.php,28972,481
4a2a2543b3f915f42158b3985e4a94911cd05b58,MODIFY,regular-file,web/wp-content/themes/aeternis/new.aeternisenergy.com/web/wp-content/languages/admin-da_DK.po,428145,211;316;320;1949;2210;2222
1948135c4493dc3ba49878df3ddda81104e99ec0,MODIFY,regular-file,web/wp-content/themes/aeternis/new.aeternisenergy.com/web/wp-content/languages/admin-de_DE.po,444357,207;211;396;439;497-498;811-812;816;1044;1084;1346;1407;1411;1526;1538;1592;1704;1712;1728;1732;1736;1796;1800;1804;1840;1963;1971;1987;1991;1995;2214;2248;2273;2278;2324;2342;2375;2379;2383;2454;2549;2973-2974;2978;2986;3028;3032;3036;3045;3052;3066;3082;3098;3102;3106;3231;3305;3309;3317;3370;3442;3458;3473-3474;3492;3500;3627;3635;3659;3671;3703;3761;3773;3885;4208;4408;4422;4426;4430;4561;4565;4591;4599;4603;4607;4615;4619;4623;4639;4701;4705;4709;4775;4821;4946;5252;5420;5432;5436;5460;5649;5662;5682;5686;5802;5851;5964;5980;6679;6683;6687;6696;6700;6748;6756;6780;6788;6800;6808;6812;6816;6820;6824;6828;6832;6836;6840;7137;7141;7211;7491;7508;7524;8570;8845;8915;8919;9177;9295
91afd7cfdc91fb5d5bb4473c6b782ca7e083deff,MODIFY,regular-file,web/wp-content/themes/aeternis/new.aeternisenergy.com/web/wp-content/languages/admin-it_IT.po,451781,494;512;931;1087;1221;1261;1269;1637;5300;5397;9162
71814a7bfe0382d12f5d3e73337ed75572759dbf,MODIFY,regular-file,web/wp-content/themes/aeternis/new.aeternisenergy.com/web/wp-content/languages/admin-network-de_DE.po,60098,35;55;59;63;67;71;79;83;91;99;103;175;239;252;311;333;365;369;629;634;639;661;665;688;696;700;709;722;734;742;746;792;808;828;840;889;893;897;962;970;974;997;1001;1009;1013;1033;1037;1077;1081;1085
73aa4a73a9546ad9307c57f1901fbc51729c70fc,MODIFY,regular-file,web/wp-content/themes/aeternis/new.aeternisenergy.com/web/wp-content/languages/admin-network-it_IT.po,60742,547
8f024b3ffd95c63b9e30ebc87108a025e566dada,MODIFY,regular-file,web/wp-content/themes/aeternis/new.aeternisenergy.com/web/wp-content/languages/admin-network-tr_TR.po,57365,620
848cfd727bc0aead9b83bcb39e84b649eac941d9,MODIFY,regular-file,web/wp-content/themes/aeternis/new.aeternisenergy.com/web/wp-content/languages/admin-nl_NL.po,434827,5439
af568a6df309b6a11c36e92361d5d145710cb63a,MODIFY,regular-file,web/wp-content/themes/aeternis/new.aeternisenergy.com/web/wp-content/languages/admin-tr_TR.po,434872,2028;4440;5434;7367-7368
24b842035ca27602f8393b136ced7af86c099fdf,MODIFY,regular-file,web/wp-content/themes/aeternis/new.aeternisenergy.com/web/wp-content/languages/de_DE.po,254602,168;242;281;317;325;422;442;457;461;465;469;478;677;681;693;1009;1107;1115;1278;1325;1370;1528;1533;1537;1553;1602;1634;1638;2018;2030;2240;2308;2328;2415;2418-2419;2478;2488;2493;2605;2838;2886;3003;3052;3096;3125;3133;3197;3323;3447;3451;3530;3532;3851;3971;4718;5274;5428;5436;5444;5452;5456;5468;5472;5476;5480;5499;5502;5520;5612;5621;5625;5633;5781;6024;6032;6056;6060;6064;6068;6108;6156;6220;6228;6236;6252;6315;6787;7394;7402
80fef54772d697c5af242e0eae3399141df33a23,MODIFY,regular-file,web/wp-content/themes/aeternis/new.aeternisenergy.com/web/wp-content/languages/it_IT.po,243406,2645
c96027419ab257aa826c5a9c145605cdbbba878e,MODIFY,regular-file,web/wp-content/themes/aeternis/new.aeternisenergy.com/web/wp-content/languages/nl_NL.po,248804,3537;4723;6119
1dfde6421745d94756d5b031a48314d549e62dcd,MODIFY,regular-file,web/wp-content/themes/aeternis/new.aeternisenergy.com/web/wp-content/languages/tr_TR.po,250646,3893
1b5ad5f04291ced7c8dbf49da5d4e1a830343771,MODIFY,regular-file,web/wp-content/themes/aeternis/new.aeternisenergy.com/web/wp-includes/ID3/module.audio-video.quicktime.php,115897,1516
b08f9f9a3bb4c7deac587e870d8bce4d3a9d5703,MODIFY,regular-file,web/wp-content/themes/aeternis/new.aeternisenergy.com/web/wp-includes/ID3/module.tag.id3v2.php,134165,2450
d89dd2c8ea74191d9950d532bc9f1ee45abd768f,MODIFY,regular-file,web/wp-content/themes/aeternis/new.aeternisenergy.com/web/wp-includes/certificates/ca-bundle.crt,244983,3700
03b905bf5bd72ff417563b7f11fffd18044f15f1,MODIFY,regular-file,web/wp-content/themes/aeternis/new.aeternisenergy.com/web/wp-includes/js/jquery/jquery.serialize-object.js,783,5
1b5ad5f04291ced7c8dbf49da5d4e1a830343771,MODIFY,regular-file,web/wp-includes/ID3/module.audio-video.quicktime.php,115897,1516
b08f9f9a3bb4c7deac587e870d8bce4d3a9d5703,MODIFY,regular-file,web/wp-includes/ID3/module.tag.id3v2.php,134165,2450
d89dd2c8ea74191d9950d532bc9f1ee45abd768f,MODIFY,regular-file,web/wp-includes/certificates/ca-bundle.crt,244983,3700
03b905bf5bd72ff417563b7f11fffd18044f15f1,MODIFY,regular-file,web/wp-includes/js/jquery/jquery.serialize-object.js,783,5
