c87e9547208631a1938b494c0162238372621b3e,MODIFY,regular-file,web/licencia.txt,17935,61
ac460cc56314819ddd216c9e9f3537e0da366e7c,MODIFY,regular-file,web/licens.html,22735,132;189
f4b97a9afd33dd9ea34cb6f8b5356f8ca0652d8c,MODIFY,regular-file,web/licenza.html,24732,76;87;97-98;102;111-112;116
ac1a48c65e3dbf60b28582cd6b030d163fcf0dbe,MODIFY,regular-file,web/liesmich.html,10386,13;26;48;75;77;87;89-90;99
7ea5ff6ba31f8dfb8181fd44302b3e6de71526fc,MODIFY,regular-file,web/wp-admin/css/admin-menu-rtl.css,18572,483
7f317bd33567d625befc0611c1b61ee9605b5ce5,MODIFY,regular-file,web/wp-admin/css/admin-menu.css,18559,483
101c7969d532fb81e325a0f5d4fc28f2e79c886e,MODIFY,regular-file,web/wp-admin/freedoms.php,3367,42
84f61670bf8c2368be9640b56289b22ab72a2d5e,MODIFY,regular-file,web/wp-admin/includes/ms.php,28972,481
4a2a2543b3f915f42158b3985e4a94911cd05b58,MODIFY,regular-file,web/wp-content/languages/admin-da_DK.po,428145,211;316;320;536;610;1414;1782;1806;1826;1853;1949;2210;2222;2578;2772;3158;4967
1948135c4493dc3ba49878df3ddda81104e99ec0,MODIFY,regular-file,web/wp-content/languages/admin-de_DE.po,444357,143;167;179;191;203;207;211;239;243;299;328;348;376;396;439;447;455;471;497-498;502;510;533;605;609;629;673;732;764;790;811-812;816;832;890;958;972;1024;1044;1048;1084;1087;1211;1259;1326;1346;1370;1407;1411;1448;1494;1514;1526;1538;1542;1546;1554;1592;1596;1633-1634;1665-1666;1704;1708;1712;1716;1728;1732;1736;1744;1748;1752;1796;1800;1804;1816;1840;1844;1848;1852;1878;1890;1902;1923;1939;1963;1971;1987;1991;1995;2019;2206;2214;2248;2273;2278;2324;2342;2375;2379;2383;2454;2530;2549;2578;2642;2772-2773;2973-2974;2978;2986;3028;3032;3036;3045;3052;3066;3075;3082;3098;3102;3106;3231;3283;3287;3292;3305;3309;3317;3335-3336;3370;3414;3442;3458;3473-3474;3492;3500;3517-3518;3579;3599;3627;3635;3643;3647;3659;3663;3667;3671;3675;3679;3703;3707;3715;3719;3727;3753;3761;3765;3773;3777;3781;3828;3852;3885;3889;3919;3927;3935;3943;3955;3971;3981;4005;4041;4061;4069;4086;4096;4100;4112;4192;4208;4408;4422;4426;4430;4434;4549;4561;4565;4569;4577;4591;4599;4603;4607;4615;4619;4623;4639;4671;4701;4705;4709;4729;4775;4821;4858;4902;4906;4914;4922;4946;4992;5124;5128;5132;5160;5252;5264;5318;5322;5326;5342;5396;5416;5420;5432;5436;5456;5460;5468;5520;5596;5649;5662;5682;5686;5694;5718;5742;5750;5802;5851;5964;5980;6000;6064;6092;6148;6227;6498;6679;6683;6687;6696;6700;6712;6748;6752;6756;6780;6788;6800;6808;6812;6816;6820;6824;6828;6832;6836;6840;7137;7141;7211;7276;7349;7427;7491;7508;7516;7524;7544;7574;7757;7938;8053;8061;8101;8105;8163;8248;8256;8362;8570;8741;8763;8845;8915;8919;9089;9094;9108;9112;9116;9169;9173;9177;9209;9277;9291;9295;9356
281354a61a3d3a34944ff27adc2e2e0de61ff65c,MODIFY,regular-file,web/wp-content/languages/admin-es_ES.po,438402,1155;3330;5360;5395;8095;8099;8759;9097-9098
7981562c6b956473a6e03fe9329eee2b4fed82b6,MODIFY,regular-file,web/wp-content/languages/admin-fr_FR.po,512966,2669
91afd7cfdc91fb5d5bb4473c6b782ca7e083deff,MODIFY,regular-file,web/wp-content/languages/admin-it_IT.po,451781,494;512;931;1087;1107;1221;1261;1269;1637;2573-2574;3335;3762;5300;5397;9162
6a8f3a6ce674a8f460af1ea7daf46e4c1353b665,MODIFY,regular-file,web/wp-content/languages/admin-ja.po,469055,2756
992b54762097eaa9737e3dd920779540d4e5f7ad,MODIFY,regular-file,web/wp-content/languages/admin-network-da_DK.po,57746,369
71814a7bfe0382d12f5d3e73337ed75572759dbf,MODIFY,regular-file,web/wp-content/languages/admin-network-de_DE.po,60098,31;35;55;59;63;67;71;79;83;91;99;103;175;224;239;252;311;333;365;369;476;546;566;612;629;634;639;661;665;688;696;700;709;714;722;726;734;742;746;792;808;812;828;840;889;893;897;962;970;974;997;1001;1009;1013;1033;1037;1077;1081;1085
e8a267ca5f262e0bb12e4df8c6bc1d04f00ac773,MODIFY,regular-file,web/wp-content/languages/admin-network-es_ES.po,58001,810;818
73aa4a73a9546ad9307c57f1901fbc51729c70fc,MODIFY,regular-file,web/wp-content/languages/admin-network-it_IT.po,60742,547;709;975;1047;1051;1055
ad4557bcdb0fd721e17dbebc20906dd13d3f4137,MODIFY,regular-file,web/wp-content/languages/admin-network-nl_NL.po,58028,450;633;681;693;705;729;833
585dcf9daa8f8041751b0841ce125e7b908de159,MODIFY,regular-file,web/wp-content/languages/admin-network-pl_PL.po,61891,641;721
8f024b3ffd95c63b9e30ebc87108a025e566dada,MODIFY,regular-file,web/wp-content/languages/admin-network-tr_TR.po,57365,219;472;558;620;842
91598226004d604311119cfc949eafb0c3ae7f46,MODIFY,regular-file,web/wp-content/languages/admin-nl_NL.po,434830,151;163;179;187;203;207;435;451;463;771;797;843;1238;1270;1381;1721;1897;1941;2021;2071;2534;2548;2776-2777;3051;3276;3586;3694;3706;3730;3754;3786;3801;3886;3938;3942;4351;4634;4646;4666;5423;5439;5455;5721;6127;6807;7304;9238
01d12ef38e86e0eb8f275ed1e64d421d4ce835fd,MODIFY,regular-file,web/wp-content/languages/admin-pl_PL.po,452663,1557;1766;2791;3080;9052
2d701edaaf512bea7206b6fcf5d00e6c355a6cae,MODIFY,regular-file,web/wp-content/languages/admin-ru_RU.po,549500,2587
af568a6df309b6a11c36e92361d5d145710cb63a,MODIFY,regular-file,web/wp-content/languages/admin-tr_TR.po,434872,279;534;536;614;1924;1940;2028;2698;2775;3693;4440;4621;5434;6197;7367-7368
5b7873529a3b1557f74fd596c900aff39b6de8e4,MODIFY,regular-file,web/wp-content/languages/admin-zh_CN.po,422645,2340
238d1db5be1910b19e845ad0fa4b9ed48f301e1f,MODIFY,regular-file,web/wp-content/languages/admin-zh_TW.po,406776,9025
124afa661f3469f09a5bc2a140cf269fec3bcdc5,MODIFY,regular-file,web/wp-content/languages/continents-cities-da_DK.po,40307,1059
b68dd46cb0b519e4a4f785de2ed21a676b6a6724,MODIFY,regular-file,web/wp-content/languages/da_DK.po,246646,1148;2159
24b842035ca27602f8393b136ced7af86c099fdf,MODIFY,regular-file,web/wp-content/languages/de_DE.po,254602,168;242;281;317;325;422;442;457;461;465;469;478;511;519;523;569;601;609;677;681;693;983;991;1009;1022;1027;1031;1107;1115;1278;1300;1308;1325;1370;1528;1533;1537;1553;1567;1602;1634;1638;1655;1794;1863;1867;2014;2018;2030;2046;2056;2064;2084;2161;2169;2240;2308;2328;2369;2415;2418-2419;2447;2455;2478;2488;2493;2605;2653;2704;2778;2834;2838;2886;2939;2979;3003;3019;3052;3056;3064;3068;3096;3105;3117;3125;3133;3145;3197;3323;3447;3451;3463;3478;3490;3506;3510;3514;3530;3532;3823;3851;3971;3989;4015;4231;4247;4633;4718;4764;4777;4793;4797;5087;5091;5242;5262;5274;5298;5302;5428;5436;5444;5452;5456;5468;5472;5476;5480;5499;5502;5520;5612;5621;5625;5633;5781;5863;6024;6032;6048;6056;6060;6064;6068;6108;6148;6156;6192;6204;6212;6220;6228;6236;6252;6315;6478;6482;6498;6715;6787;7261;7292;7386;7394;7402
31ebeae2e81f86091d0466b6dfb99e8ae61bc505,MODIFY,regular-file,web/wp-content/languages/es_ES.po,249466,159;1080;2164;5646
80fef54772d697c5af242e0eae3399141df33a23,MODIFY,regular-file,web/wp-content/languages/it_IT.po,243406,2645
fcd6d8b1e8b0a849599f95335d386e15574f2ef6,MODIFY,regular-file,web/wp-content/languages/nl_NL.po,248806,523;1115;1537;2433;2461;2647;2760;2764;2954;3018;3112;3244;4020;4723;5263;5433;6083;6147;6155
92cf340bf50010b97a70a2b3ce68982f0b0f5fb0,MODIFY,regular-file,web/wp-content/languages/themes/twentyeleven-de_DE.po,20092,138;198;329;403;431
89eebe1e3b69d6cd4a193a5929c7140adcb1e304,MODIFY,regular-file,web/wp-content/languages/themes/twentyten-de_DE.po,11062,298
62658a3c67ad80860bd7b912cfa391ef6bb9d1a6,MODIFY,regular-file,web/wp-content/languages/themes/twentytwelve-da_DK.po,9395,44
c7418febb19623006c963f2c6a704ffd0ab9971e,MODIFY,regular-file,web/wp-content/languages/themes/twentytwelve-de_DE.po,9758,80
1dfde6421745d94756d5b031a48314d549e62dcd,MODIFY,regular-file,web/wp-content/languages/tr_TR.po,250646,3893;6509
c87e9547208631a1938b494c0162238372621b3e,MODIFY,regular-file,web/wp-content/themes/aeternis/new.aeternisenergy.com/web/licencia.txt,17935,61
ac460cc56314819ddd216c9e9f3537e0da366e7c,MODIFY,regular-file,web/wp-content/themes/aeternis/new.aeternisenergy.com/web/licens.html,22735,132;189
f4b97a9afd33dd9ea34cb6f8b5356f8ca0652d8c,MODIFY,regular-file,web/wp-content/themes/aeternis/new.aeternisenergy.com/web/licenza.html,24732,76;87;97-98;102;111-112;116
ac1a48c65e3dbf60b28582cd6b030d163fcf0dbe,MODIFY,regular-file,web/wp-content/themes/aeternis/new.aeternisenergy.com/web/liesmich.html,10386,13;26;48;75;77;87;89-90;99
7ea5ff6ba31f8dfb8181fd44302b3e6de71526fc,MODIFY,regular-file,web/wp-content/themes/aeternis/new.aeternisenergy.com/web/wp-admin/css/admin-menu-rtl.css,18572,483
7f317bd33567d625befc0611c1b61ee9605b5ce5,MODIFY,regular-file,web/wp-content/themes/aeternis/new.aeternisenergy.com/web/wp-admin/css/admin-menu.css,18559,483
101c7969d532fb81e325a0f5d4fc28f2e79c886e,MODIFY,regular-file,web/wp-content/themes/aeternis/new.aeternisenergy.com/web/wp-admin/freedoms.php,3367,42
84f61670bf8c2368be9640b56289b22ab72a2d5e,MODIFY,regular-file,web/wp-content/themes/aeternis/new.aeternisenergy.com/web/wp-admin/includes/ms.php,28972,481
4a2a2543b3f915f42158b3985e4a94911cd05b58,MODIFY,regular-file,web/wp-content/themes/aeternis/new.aeternisenergy.com/web/wp-content/languages/admin-da_DK.po,428145,211;316;320;536;610;1414;1782;1806;1826;1853;1949;2210;2222;2578;2772;3158;4967
1948135c4493dc3ba49878df3ddda81104e99ec0,MODIFY,regular-file,web/wp-content/themes/aeternis/new.aeternisenergy.com/web/wp-content/languages/admin-de_DE.po,444357,143;167;179;191;203;207;211;239;243;299;328;348;376;396;439;447;455;471;497-498;502;510;533;605;609;629;673;732;764;790;811-812;816;832;890;958;972;1024;1044;1048;1084;1087;1211;1259;1326;1346;1370;1407;1411;1448;1494;1514;1526;1538;1542;1546;1554;1592;1596;1633-1634;1665-1666;1704;1708;1712;1716;1728;1732;1736;1744;1748;1752;1796;1800;1804;1816;1840;1844;1848;1852;1878;1890;1902;1923;1939;1963;1971;1987;1991;1995;2019;2206;2214;2248;2273;2278;2324;2342;2375;2379;2383;2454;2530;2549;2578;2642;2772-2773;2973-2974;2978;2986;3028;3032;3036;3045;3052;3066;3075;3082;3098;3102;3106;3231;3283;3287;3292;3305;3309;3317;3335-3336;3370;3414;3442;3458;3473-3474;3492;3500;3517-3518;3579;3599;3627;3635;3643;3647;3659;3663;3667;3671;3675;3679;3703;3707;3715;3719;3727;3753;3761;3765;3773;3777;3781;3828;3852;3885;3889;3919;3927;3935;3943;3955;3971;3981;4005;4041;4061;4069;4086;4096;4100;4112;4192;4208;4408;4422;4426;4430;4434;4549;4561;4565;4569;4577;4591;4599;4603;4607;4615;4619;4623;4639;4671;4701;4705;4709;4729;4775;4821;4858;4902;4906;4914;4922;4946;4992;5124;5128;5132;5160;5252;5264;5318;5322;5326;5342;5396;5416;5420;5432;5436;5456;5460;5468;5520;5596;5649;5662;5682;5686;5694;5718;5742;5750;5802;5851;5964;5980;6000;6064;6092;6148;6227;6498;6679;6683;6687;6696;6700;6712;6748;6752;6756;6780;6788;6800;6808;6812;6816;6820;6824;6828;6832;6836;6840;7137;7141;7211;7276;7349;7427;7491;7508;7516;7524;7544;7574;7757;7938;8053;8061;8101;8105;8163;8248;8256;8362;8570;8741;8763;8845;8915;8919;9089;9094;9108;9112;9116;9169;9173;9177;9209;9277;9291;9295;9356
281354a61a3d3a34944ff27adc2e2e0de61ff65c,MODIFY,regular-file,web/wp-content/themes/aeternis/new.aeternisenergy.com/web/wp-content/languages/admin-es_ES.po,438402,1155;3330;5360;5395;8095;8099;8759;9097-9098
7981562c6b956473a6e03fe9329eee2b4fed82b6,MODIFY,regular-file,web/wp-content/themes/aeternis/new.aeternisenergy.com/web/wp-content/languages/admin-fr_FR.po,512966,2669
91afd7cfdc91fb5d5bb4473c6b782ca7e083deff,MODIFY,regular-file,web/wp-content/themes/aeternis/new.aeternisenergy.com/web/wp-content/languages/admin-it_IT.po,451781,494;512;931;1087;1107;1221;1261;1269;1637;2573-2574;3335;3762;5300;5397;9162
6a8f3a6ce674a8f460af1ea7daf46e4c1353b665,MODIFY,regular-file,web/wp-content/themes/aeternis/new.aeternisenergy.com/web/wp-content/languages/admin-ja.po,469055,2756
992b54762097eaa9737e3dd920779540d4e5f7ad,MODIFY,regular-file,web/wp-content/themes/aeternis/new.aeternisenergy.com/web/wp-content/languages/admin-network-da_DK.po,57746,369
71814a7bfe0382d12f5d3e73337ed75572759dbf,MODIFY,regular-file,web/wp-content/themes/aeternis/new.aeternisenergy.com/web/wp-content/languages/admin-network-de_DE.po,60098,31;35;55;59;63;67;71;79;83;91;99;103;175;224;239;252;311;333;365;369;476;546;566;612;629;634;639;661;665;688;696;700;709;714;722;726;734;742;746;792;808;812;828;840;889;893;897;962;970;974;997;1001;1009;1013;1033;1037;1077;1081;1085
e8a267ca5f262e0bb12e4df8c6bc1d04f00ac773,MODIFY,regular-file,web/wp-content/themes/aeternis/new.aeternisenergy.com/web/wp-content/languages/admin-network-es_ES.po,58001,810;818
73aa4a73a9546ad9307c57f1901fbc51729c70fc,MODIFY,regular-file,web/wp-content/themes/aeternis/new.aeternisenergy.com/web/wp-content/languages/admin-network-it_IT.po,60742,547;709;975;1047;1051;1055
ad4557bcdb0fd721e17dbebc20906dd13d3f4137,MODIFY,regular-file,web/wp-content/themes/aeternis/new.aeternisenergy.com/web/wp-content/languages/admin-network-nl_NL.po,58028,450;633;681;693;705;729;833
585dcf9daa8f8041751b0841ce125e7b908de159,MODIFY,regular-file,web/wp-content/themes/aeternis/new.aeternisenergy.com/web/wp-content/languages/admin-network-pl_PL.po,61891,641;721
8f024b3ffd95c63b9e30ebc87108a025e566dada,MODIFY,regular-file,web/wp-content/themes/aeternis/new.aeternisenergy.com/web/wp-content/languages/admin-network-tr_TR.po,57365,219;472;558;620;842
91598226004d604311119cfc949eafb0c3ae7f46,MODIFY,regular-file,web/wp-content/themes/aeternis/new.aeternisenergy.com/web/wp-content/languages/admin-nl_NL.po,434830,151;163;179;187;203;207;435;451;463;771;797;843;1238;1270;1381;1721;1897;1941;2021;2071;2534;2548;2776-2777;3051;3276;3586;3694;3706;3730;3754;3786;3801;3886;3938;3942;4351;4634;4646;4666;5423;5439;5455;5721;6127;6807;7304;9238
01d12ef38e86e0eb8f275ed1e64d421d4ce835fd,MODIFY,regular-file,web/wp-content/themes/aeternis/new.aeternisenergy.com/web/wp-content/languages/admin-pl_PL.po,452663,1557;1766;2791;3080;9052
2d701edaaf512bea7206b6fcf5d00e6c355a6cae,MODIFY,regular-file,web/wp-content/themes/aeternis/new.aeternisenergy.com/web/wp-content/languages/admin-ru_RU.po,549500,2587
af568a6df309b6a11c36e92361d5d145710cb63a,MODIFY,regular-file,web/wp-content/themes/aeternis/new.aeternisenergy.com/web/wp-content/languages/admin-tr_TR.po,434872,279;534;536;614;1924;1940;2028;2698;2775;3693;4440;4621;5434;6197;7367-7368
5b7873529a3b1557f74fd596c900aff39b6de8e4,MODIFY,regular-file,web/wp-content/themes/aeternis/new.aeternisenergy.com/web/wp-content/languages/admin-zh_CN.po,422645,2340
238d1db5be1910b19e845ad0fa4b9ed48f301e1f,MODIFY,regular-file,web/wp-content/themes/aeternis/new.aeternisenergy.com/web/wp-content/languages/admin-zh_TW.po,406776,9025
124afa661f3469f09a5bc2a140cf269fec3bcdc5,MODIFY,regular-file,web/wp-content/themes/aeternis/new.aeternisenergy.com/web/wp-content/languages/continents-cities-da_DK.po,40307,1059
b68dd46cb0b519e4a4f785de2ed21a676b6a6724,MODIFY,regular-file,web/wp-content/themes/aeternis/new.aeternisenergy.com/web/wp-content/languages/da_DK.po,246646,1148;2159
24b842035ca27602f8393b136ced7af86c099fdf,MODIFY,regular-file,web/wp-content/themes/aeternis/new.aeternisenergy.com/web/wp-content/languages/de_DE.po,254602,168;242;281;317;325;422;442;457;461;465;469;478;511;519;523;569;601;609;677;681;693;983;991;1009;1022;1027;1031;1107;1115;1278;1300;1308;1325;1370;1528;1533;1537;1553;1567;1602;1634;1638;1655;1794;1863;1867;2014;2018;2030;2046;2056;2064;2084;2161;2169;2240;2308;2328;2369;2415;2418-2419;2447;2455;2478;2488;2493;2605;2653;2704;2778;2834;2838;2886;2939;2979;3003;3019;3052;3056;3064;3068;3096;3105;3117;3125;3133;3145;3197;3323;3447;3451;3463;3478;3490;3506;3510;3514;3530;3532;3823;3851;3971;3989;4015;4231;4247;4633;4718;4764;4777;4793;4797;5087;5091;5242;5262;5274;5298;5302;5428;5436;5444;5452;5456;5468;5472;5476;5480;5499;5502;5520;5612;5621;5625;5633;5781;5863;6024;6032;6048;6056;6060;6064;6068;6108;6148;6156;6192;6204;6212;6220;6228;6236;6252;6315;6478;6482;6498;6715;6787;7261;7292;7386;7394;7402
31ebeae2e81f86091d0466b6dfb99e8ae61bc505,MODIFY,regular-file,web/wp-content/themes/aeternis/new.aeternisenergy.com/web/wp-content/languages/es_ES.po,249466,159;1080;2164;5646
80fef54772d697c5af242e0eae3399141df33a23,MODIFY,regular-file,web/wp-content/themes/aeternis/new.aeternisenergy.com/web/wp-content/languages/it_IT.po,243406,2645
fcd6d8b1e8b0a849599f95335d386e15574f2ef6,MODIFY,regular-file,web/wp-content/themes/aeternis/new.aeternisenergy.com/web/wp-content/languages/nl_NL.po,248806,523;1115;1537;2433;2461;2647;2760;2764;2954;3018;3112;3244;4020;4723;5263;5433;6083;6147;6155
92cf340bf50010b97a70a2b3ce68982f0b0f5fb0,MODIFY,regular-file,web/wp-content/themes/aeternis/new.aeternisenergy.com/web/wp-content/languages/themes/twentyeleven-de_DE.po,20092,138;198;329;403;431
89eebe1e3b69d6cd4a193a5929c7140adcb1e304,MODIFY,regular-file,web/wp-content/themes/aeternis/new.aeternisenergy.com/web/wp-content/languages/themes/twentyten-de_DE.po,11062,298
62658a3c67ad80860bd7b912cfa391ef6bb9d1a6,MODIFY,regular-file,web/wp-content/themes/aeternis/new.aeternisenergy.com/web/wp-content/languages/themes/twentytwelve-da_DK.po,9395,44
c7418febb19623006c963f2c6a704ffd0ab9971e,MODIFY,regular-file,web/wp-content/themes/aeternis/new.aeternisenergy.com/web/wp-content/languages/themes/twentytwelve-de_DE.po,9758,80
1dfde6421745d94756d5b031a48314d549e62dcd,MODIFY,regular-file,web/wp-content/themes/aeternis/new.aeternisenergy.com/web/wp-content/languages/tr_TR.po,250646,3893;6509
e6ebd7d3452ea1f790082874b316d669e67803b3,MODIFY,regular-file,web/wp-content/themes/aeternis/new.aeternisenergy.com/web/wp-content/themes/twentyfourteen/genericons/README.txt,5682,103
1b5ad5f04291ced7c8dbf49da5d4e1a830343771,MODIFY,regular-file,web/wp-content/themes/aeternis/new.aeternisenergy.com/web/wp-includes/ID3/module.audio-video.quicktime.php,115897,1516
8d7abf8f4837bb553baeae4d7072fe19664760ff,MODIFY,regular-file,web/wp-content/themes/aeternis/new.aeternisenergy.com/web/wp-includes/ID3/module.tag.id3v2.php,134166,2450
337e84f35eef299373c6abca21fca890a7b9dae9,MODIFY,regular-file,web/wp-content/themes/aeternis/new.aeternisenergy.com/web/wp-includes/ID3/readme.txt,24517,561
d51f500d3f545096dd75a59f07cd724b37ca72dd,MODIFY,regular-file,web/wp-content/themes/aeternis/new.aeternisenergy.com/web/wp-includes/SimplePie/Parse/Date.php,19683,107
d89dd2c8ea74191d9950d532bc9f1ee45abd768f,MODIFY,regular-file,web/wp-content/themes/aeternis/new.aeternisenergy.com/web/wp-includes/certificates/ca-bundle.crt,244983,2786;3700
b6bfeb75db74b2504f9d040c291b05dcf8c9eb85,MODIFY,regular-file,web/wp-content/themes/aeternis/new.aeternisenergy.com/web/wp-includes/class-oembed.php,22562,217;243
61665ad5affe7cd8c9d3e658197a06889364be01,MODIFY,regular-file,web/wp-content/themes/aeternis/new.aeternisenergy.com/web/wp-includes/general-template.php,99099,741
88e0e8a241d6baf7a3e5fd4c44e666810c221662,MODIFY,regular-file,web/wp-content/themes/aeternis/new.aeternisenergy.com/web/wp-includes/js/hoverIntent.js,4940,12
dee541e39e50b3032f07f3fa56ced6bc112aefb9,MODIFY,regular-file,web/wp-content/themes/aeternis/new.aeternisenergy.com/web/wp-includes/js/jquery/jquery.serialize-object.js,784,3;7
42312fe79b4d1215b64a57f3398fcfbee697b392,MODIFY,regular-file,web/wp-content/themes/aeternis/new.aeternisenergy.com/web/wp-includes/js/zxcvbn.min.js,698729,30-34
39a22c7dc5ca25411d8d3477ea6418a5a3668232,MODIFY,regular-file,web/wp-content/themes/aeternis/new.aeternisenergy.com/web/wp-includes/query.php,130577,3258
85119eda1eaa3b9480afe51ca4d03ac08981f2e0,MODIFY,regular-file,web/wp-content/themes/aeternis/new.aeternisenergy.com/web/wp-includes/theme.php,62139,529
e6ebd7d3452ea1f790082874b316d669e67803b3,MODIFY,regular-file,web/wp-content/themes/twentyfourteen/genericons/README.txt,5682,103
1b5ad5f04291ced7c8dbf49da5d4e1a830343771,MODIFY,regular-file,web/wp-includes/ID3/module.audio-video.quicktime.php,115897,1516
8d7abf8f4837bb553baeae4d7072fe19664760ff,MODIFY,regular-file,web/wp-includes/ID3/module.tag.id3v2.php,134166,2450
337e84f35eef299373c6abca21fca890a7b9dae9,MODIFY,regular-file,web/wp-includes/ID3/readme.txt,24517,561
d51f500d3f545096dd75a59f07cd724b37ca72dd,MODIFY,regular-file,web/wp-includes/SimplePie/Parse/Date.php,19683,107
d89dd2c8ea74191d9950d532bc9f1ee45abd768f,MODIFY,regular-file,web/wp-includes/certificates/ca-bundle.crt,244983,2786;3700
b6bfeb75db74b2504f9d040c291b05dcf8c9eb85,MODIFY,regular-file,web/wp-includes/class-oembed.php,22562,217;243
61665ad5affe7cd8c9d3e658197a06889364be01,MODIFY,regular-file,web/wp-includes/general-template.php,99099,741
88e0e8a241d6baf7a3e5fd4c44e666810c221662,MODIFY,regular-file,web/wp-includes/js/hoverIntent.js,4940,12
dee541e39e50b3032f07f3fa56ced6bc112aefb9,MODIFY,regular-file,web/wp-includes/js/jquery/jquery.serialize-object.js,784,3;7
42312fe79b4d1215b64a57f3398fcfbee697b392,MODIFY,regular-file,web/wp-includes/js/zxcvbn.min.js,698729,30-34
39a22c7dc5ca25411d8d3477ea6418a5a3668232,MODIFY,regular-file,web/wp-includes/query.php,130577,3258
85119eda1eaa3b9480afe51ca4d03ac08981f2e0,MODIFY,regular-file,web/wp-includes/theme.php,62139,529
